"종목코드","기준일","지표","값"
"000020","20250317","PER","31.4356"
"000020","20250317","PSR","0.4035"
"000020","20250317","PCR","-19.4265"
"000020","20250317","PBR","0.4253"
"000040","20250317","PER","-1.5659"
"000040","20250317","PSR","0.3372"
"000040","20250317","PCR","-1.6316"
"000040","20250317","PBR","0.9533"
"000050","20250317","PER","7.6231"
"000050","20250317","PSR","0.4549"
"000050","20250317","PCR","3.0415"
"000050","20250317","PBR","0.2425"
"000070","20250317","PER","4.6204"
"000070","20250317","PSR","0.1487"
"000070","20250317","PCR","2.0655"
"000070","20250317","PBR","0.1788"
"000080","20250317","PER","14.2171"
"000080","20250317","PSR","0.524"
"000080","20250317","PCR","4.6216"
"000080","20250317","PBR","1.2035"
"000100","20250317","PER","182.9815"
"000100","20250317","PSR","4.8758"
"000100","20250317","PCR","184.6571"
"000100","20250317","PBR","4.7284"
"000120","20250317","PER","8.0604"
"000120","20250317","PSR","0.1699"
"000120","20250317","PCR","3.1992"
"000120","20250317","PBR","0.5128"
"000140","20250317","PER","2.1929"
"000140","20250317","PSR","0.077"
"000140","20250317","PCR","0.7262"
"000140","20250317","PBR","0.1755"
"000150","20250317","PER","24.7017"
"000150","20250317","PSR","0.3068"
"000150","20250317","PCR","-14.2258"
"000150","20250317","PBR","0.4827"
"000180","20250317","PER","-12.3642"
"000180","20250317","PSR","0.5926"
"000180","20250317","PCR","26.5466"
"000180","20250317","PBR","0.1565"
"000210","20250317","PER","6.969"
"000210","20250317","PSR","0.1338"
"000210","20250317","PCR","2.1475"
"000210","20250317","PBR","0.1629"
"000220","20250317","PER","7.2879"
"000220","20250317","PSR","0.5623"
"000220","20250317","PCR","2.6317"
"000220","20250317","PBR","0.5998"
"000230","20250317","PER","-1.8555"
"000230","20250317","PSR","0.1099"
"000230","20250317","PCR","2.3345"
"000230","20250317","PBR","0.4379"
"000240","20250317","PER","4.1832"
"000240","20250317","PSR","1.0979"
"000240","20250317","PCR","14.3016"
"000240","20250317","PBR","0.3711"
"000250","20250317","PER","418.2884"
"000250","20250317","PSR","21.4867"
"000250","20250317","PCR","116.5543"
"000250","20250317","PBR","13.6495"
"000270","20250317","PER","4.0194"
"000270","20250317","PSR","0.3657"
"000270","20250317","PCR","3.1271"
"000270","20250317","PBR","0.7621"
"000300","20250317","PER","-1.3753"
"000300","20250317","PSR","4.4274"
"000300","20250317","PCR","-4.4889"
"000300","20250317","PBR","-1.2042"
"000320","20250317","PER","2.3264"
"000320","20250317","PSR","0.1531"
"000320","20250317","PCR","2.6825"
"000320","20250317","PBR","0.2597"
"000370","20250317","PER","1.5807"
"000370","20250317","PCR","0.3458"
"000370","20250317","PBR","0.1552"
"000390","20250317","PER","11.3202"
"000390","20250317","PSR","0.2792"
"000390","20250317","PCR","5.8293"
"000390","20250317","PBR","0.5557"
"000400","20250317","PER","4.5858"
"000400","20250317","PCR","0.8589"
"000400","20250317","PBR","0.5404"
"000430","20250317","PER","7.0843"
"000430","20250317","PSR","0.1652"
"000430","20250317","PCR","4.1015"
"000430","20250317","PBR","0.3397"
"000440","20250317","PER","-108.6634"
"000440","20250317","PSR","1.7456"
"000440","20250317","PCR","-173.8615"
"000440","20250317","PBR","1.5885"
"000480","20250317","PER","99.4078"
"000480","20250317","PSR","0.3065"
"000480","20250317","PCR","3.0681"
"000480","20250317","PBR","0.2986"
"000490","20250317","PER","-8.2488"
"000490","20250317","PSR","0.2348"
"000490","20250317","PCR","-1.8778"
"000490","20250317","PBR","0.512"
"000500","20250317","PER","34.6618"
"000500","20250317","PSR","0.5057"
"000500","20250317","PCR","22.2826"
"000500","20250317","PBR","2.3085"
"000520","20250317","PER","-48.3805"
"000520","20250317","PSR","1.2332"
"000520","20250317","PCR","104.2041"
"000520","20250317","PBR","1.589"
"000540","20250317","PER","0.5902"
"000540","20250317","PCR","0.3293"
"000540","20250317","PBR","0.1965"
"000590","20250317","PER","3.2343"
"000590","20250317","PSR","0.5678"
"000590","20250317","PCR","2.6305"
"000590","20250317","PBR","0.2343"
"000640","20250317","PER","11.4026"
"000640","20250317","PSR","0.4858"
"000640","20250317","PCR","5.9847"
"000640","20250317","PBR","0.6008"
"000020","20250317","DY","0.0291"
"000050","20250317","DY","0.019"
"000070","20250317","DY","0.0582"
"000080","20250317","DY","0.0489"
"000100","20250317","DY","0.0036"
"000120","20250317","DY","0.0056"
"000140","20250317","DY","0.0641"
"000150","20250317","DY","0.0059"
"000210","20250317","DY","0.0281"
"000230","20250317","DY","0.0162"
"000240","20250317","DY","0.0429"
"000270","20250317","DY","0.0567"
"000320","20250317","DY","0.0348"
"000370","20250317","DY","0.0488"
"000390","20250317","DY","0.062"
"000430","20250317","DY","0.0302"
"000440","20250317","DY","0.0229"
"000480","20250317","DY","0.0774"
"000490","20250317","DY","0.008"
"000590","20250317","DY","0.0069"
"000640","20250317","DY","0.0223"
"000660","20250317","DY","0.0058"
"000670","20250317","DY","0.0206"
"000700","20250317","DY","0.0638"
"000720","20250317","DY","0.0182"
"000810","20250317","DY","0.0412"
"000850","20250317","DY","0.0457"
"000860","20250317","DY","0.0206"
"000880","20250317","DY","0.016"
"000910","20250317","DY","0.0235"
"000970","20250317","DY","0.0641"
"000990","20250317","DY","0.0123"
"001040","20250317","DY","0.0229"
"001060","20250317","DY","0.0181"
"001120","20250317","DY","0.0466"
"001130","20250317","DY","0.0192"
"001200","20250317","DY","0.0232"
"001230","20250317","DY","0.0787"
"001250","20250317","DY","0.0096"
"001270","20250317","DY","0.0557"
"001340","20250317","DY","0.0088"
"001390","20250317","DY","0.0311"
"001420","20250317","DY","0.0397"
"001430","20250317","DY","0.059"
"001450","20250317","DY","0.0901"
"001460","20250317","DY","0.0111"
"001500","20250317","DY","0.0691"
"001510","20250317","DY","0.0043"
"001520","20250317","DY","0.0647"
"001530","20250317","DY","0.0054"
"001540","20250317","DY","0.0333"
"001560","20250317","DY","0.0335"
"001630","20250317","DY","0.0323"
"001680","20250317","DY","0.0327"
"001720","20250317","DY","0.0579"
"001740","20250317","DY","0.0454"
"001750","20250317","DY","0.0664"
"001770","20250317","DY","0.0068"
"001790","20250317","DY","0.0417"
"001800","20250317","DY","0.049"
"001810","20250317","DY","0.0069"
"001820","20250317","DY","0.018"
"001940","20250317","DY","0.0455"
"002020","20250317","DY","0.0216"
"002030","20250317","DY","0.0188"
"002100","20250317","DY","0.049"
"002140","20250317","DY","0.0089"
"002150","20250317","DY","0.0421"
"002170","20250317","DY","0.0314"
"002200","20250317","DY","0.0291"
"002220","20250317","DY","0.0157"
"002230","20250317","DY","0.0641"
"002240","20250317","DY","0.0197"
"002290","20250317","DY","0.0449"
"002310","20250317","DY","0.0669"
"002320","20250317","DY","0.0308"
"002350","20250317","DY","0.0214"
"002380","20250317","DY","0.0284"
"002390","20250317","DY","0.0264"
"002450","20250317","DY","0.0426"
"002460","20250317","DY","0.0515"
"002600","20250317","DY","0.0367"
"002620","20250317","DY","0.0068"
"002700","20250317","DY","0.0103"
"002710","20250317","DY","0.003"
"002760","20250317","DY","0.0045"
"002790","20250317","DY","0.0113"
"002800","20250317","DY","0.0114"
"002810","20250317","DY","0.0444"
"002840","20250317","DY","0.0109"
"002870","20250317","DY","0.0158"
"002900","20250317","DY","0.0325"
"002920","20250317","DY","0.0326"
"002960","20250317","DY","0.0809"
"003010","20250317","DY","0.0328"
"003030","20250317","DY","0.0075"
"003070","20250317","DY","0.0448"
"003080","20250317","DY","0.055"
"003090","20250317","DY","0.005"
"003100","20250317","DY","0.0252"
"003120","20250317","DY","0.0978"
"003160","20250317","DY","0.0071"
"003200","20250317","DY","0.0126"
"003220","20250317","DY","0.0214"
"003230","20250317","DY","0.0023"
"003240","20250317","DY","0.0024"
"003300","20250317","DY","0.0569"
"003310","20250317","DY","0.0236"
"003350","20250317","DY","0.002"
"003380","20250317","DY","0.023"
"003460","20250317","DY","0.0516"
"003470","20250317","DY","0.0636"
"003480","20250317","DY","0.0282"
"003490","20250317","DY","0.0328"
"003540","20250317","DY","0.0699"
"003550","20250317","DY","0.0452"
"003570","20250317","DY","0.0194"
"003610","20250317","DY","0.0097"
"003650","20250317","DY","0.0282"
"003670","20250317","DY","0.0018"
"003690","20250317","DY","0.0668"
"003720","20250317","DY","0.0048"
"003780","20250317","DY","0.0284"
"003800","20250317","DY","0.0559"
"003830","20250317","DY","0.0067"
"003850","20250317","DY","0.0105"
"003920","20250317","DY","0.0014"
"003960","20250317","DY","0.0087"
"004000","20250317","DY","0.0494"
"004020","20250317","DY","0.0343"
"004080","20250317","DY","0.0185"
"004090","20250317","DY","0.0094"
"004100","20250317","DY","0.0036"
"004140","20250317","DY","0.0085"
"004150","20250317","DY","0.0403"
"004170","20250317","DY","0.0267"
"004250","20250317","DY","0.0251"
"004310","20250317","DY","0.0107"
"004360","20250317","DY","0.0252"
"004370","20250317","DY","0.0129"
"004380","20250317","DY","0.0088"
"004430","20250317","DY","0.0208"
"004450","20250317","DY","0.039"
"004490","20250317","DY","0.01"
"004590","20250317","DY","0.0415"
"004650","20250317","DY","0.0673"
"004690","20250317","DY","0.0333"
"004710","20250317","DY","0.0239"
"004770","20250317","DY","0.013"
"004780","20250317","DY","0.0289"
"004800","20250317","DY","0.0622"
"004830","20250317","DY","0.0061"
"004840","20250317","DY","0.0237"
"004890","20250317","DY","0.0251"
"004910","20250317","DY","0.0341"
"004960","20250317","DY","0.0159"
"004970","20250317","DY","0.0572"
"004980","20250317","DY","0.0479"
"004990","20250317","DY","0.0645"
"005010","20250317","DY","0.04"
"005090","20250317","DY","0.0734"
"005160","20250317","DY","0.0311"
"005180","20250317","DY","0.0279"
"005250","20250317","DY","0.0213"
"005290","20250317","DY","0.0038"
"005300","20250317","DY","0.0313"
"005360","20250317","DY","0.0249"
"005380","20250317","DY","0.0573"
"005430","20250317","DY","0.0196"
"005440","20250317","DY","0.0377"
"005490","20250317","DY","0.0326"
"005500","20250317","DY","0.0449"
"005610","20250317","DY","0.0328"
"005670","20250317","DY","0.0179"
"005680","20250317","DY","0.0301"
"005710","20250317","DY","0.0235"
"005720","20250317","DY","0.0278"
"005740","20250317","DY","0.0186"
"005750","20250317","DY","0.0272"
"005800","20250317","DY","0.0145"
"005810","20250317","DY","0.0493"
"005820","20250317","DY","0.036"
"005830","20250317","DY","0.0557"
"005850","20250317","DY","0.0258"
"005860","20250317","DY","0.0191"
"005930","20250317","DY","0.0251"
"005940","20250317","DY","0.0532"
"005960","20250317","DY","0.0834"
"005990","20250317","DY","0.0213"
"006040","20250317","DY","0.0301"
"006050","20250317","DY","0.0059"
"006060","20250317","DY","0.0364"
"006090","20250317","DY","0.0236"
"006110","20250317","DY","0.0034"
"006120","20250317","DY","0.0423"
"006140","20250317","DY","0.0203"
"006200","20250317","DY","0.0287"
"006220","20250317","DY","0.0128"
"006260","20250317","DY","0.0131"
"006280","20250317","DY","0.0115"
"006370","20250317","DY","0.0062"
"006390","20250317","DY","0.0474"
"006400","20250317","DY","0.0053"
"006620","20250317","DY","0.0242"
"006650","20250317","DY","0.0102"
"006660","20250317","DY","0.0031"
"006730","20250317","DY","0.0091"
"006740","20250317","DY","0.04"
"006800","20250317","DY","0.0151"
"006880","20250317","DY","0.0167"
"006890","20250317","DY","0.0169"
"006980","20250317","DY","0.0205"
"007070","20250317","DY","0.034"
"007160","20250317","DY","0.0059"
"007210","20250317","DY","0.0272"
"007310","20250317","DY","0.0225"
"007330","20250317","DY","0.0795"
"007340","20250317","DY","0.027"
"007370","20250317","DY","0.0246"
"007540","20250317","DY","0.0048"
"007570","20250317","DY","0.0139"
"007590","20250317","DY","0.0498"
"007660","20250317","DY","0.0024"
"007690","20250317","DY","0.0393"
"007700","20250317","DY","0.0318"
"007770","20250317","DY","0.0047"
"007860","20250317","DY","0.0194"
"007980","20250317","DY","0.0258"
"008040","20250317","DY","0.0145"
"008060","20250317","DY","0.0559"
"008250","20250317","DY","0.0196"
"008260","20250317","DY","0.0359"
"008370","20250317","DY","0.0547"
"008420","20250317","DY","0.0192"
"008470","20250317","DY","0.0162"
"008490","20250317","DY","0.0064"
"008730","20250317","DY","0.0089"
"008770","20250317","DY","0.0051"
"008830","20250317","DY","0.0017"
"008870","20250317","DY","0.023"
"008930","20250317","DY","0.007"
"009070","20250317","DY","0.0184"
"009140","20250317","DY","0.0187"
"009150","20250317","DY","0.0082"
"009160","20250317","DY","0.025"
"009180","20250317","DY","0.0429"
"009200","20250317","DY","0.0359"
"009240","20250317","DY","0.1032"
"009270","20250317","DY","0.0515"
"009290","20250317","DY","0.018"
"009300","20250317","DY","0.0468"
"009440","20250317","DY","0.0673"
"009450","20250317","DY","0.0069"
"009470","20250317","DY","0.0078"
"009520","20250317","DY","0.0024"
"009580","20250317","DY","0.034"
"009680","20250317","DY","0.048"
"009770","20250317","DY","0.038"
"009780","20250317","DY","0.0165"
"009830","20250317","DY","0.0149"
"009900","20250317","DY","0.0112"
"009970","20250317","DY","0.0397"
"010040","20250317","DY","0.0206"
"010060","20250317","DY","0.0416"
"010100","20250317","DY","0.0212"
"010120","20250317","DY","0.0135"
"010130","20250317","DY","0.0168"
"010240","20250317","DY","0.0448"
"010420","20250317","DY","0.0214"
"010470","20250317","DY","0.0371"
"010640","20250317","DY","0.039"
"010660","20250317","DY","0.0095"
"010690","20250317","DY","0.0203"
"010770","20250317","DY","0.0212"
"010780","20250317","DY","0.0901"
"010950","20250317","DY","0.0291"
"010960","20250317","DY","0.062"
"011040","20250317","DY","0.0699"
"011070","20250317","DY","0.0164"
"011170","20250317","DY","0.0501"
"011200","20250317","DY","0.0336"
"011210","20250317","DY","0.0188"
"011280","20250317","DY","0.0234"
"011320","20250317","DY","0.0128"
"011370","20250317","DY","0.0382"
"011390","20250317","DY","0.0034"
"011500","20250317","DY","0.0068"
"011560","20250317","DY","0.0536"
"011700","20250317","DY","0.0049"
"011760","20250317","DY","0.0251"
"011780","20250317","DY","0.0257"
"012200","20250317","DY","0.0168"
"012280","20250317","DY","0.0241"
"012320","20250317","DY","0.012"
"012330","20250317","DY","0.0173"
"012450","20250317","DY","0.0024"
"012510","20250317","DY","0.0037"
"012610","20250317","DY","0.0173"
"012620","20250317","DY","0.0308"
"012630","20250317","DY","0.0209"
"012690","20250317","DY","0.0519"
"012700","20250317","DY","0.0503"
"012750","20250317","DY","0.0435"
"012790","20250317","DY","0.0262"
"013030","20250317","DY","0.0349"
"013120","20250317","DY","0.0347"
"013310","20250317","DY","0.0372"
"013520","20250317","DY","0.0297"
"013570","20250317","DY","0.0373"
"013580","20250317","DY","0.0303"
"013700","20250317","DY","0.0161"
"013870","20250317","DY","0.0394"
"013890","20250317","DY","0.0047"
"014280","20250317","DY","0.0297"
"014440","20250317","DY","0.0106"
"014530","20250317","DY","0.0601"
"014570","20250317","DY","0.0311"
"014580","20250317","DY","0.0287"
"014620","20250317","DY","0.0055"
"014680","20250317","DY","0.0146"
"014820","20250317","DY","0.0167"
"014830","20250317","DY","0.0206"
"014940","20250317","DY","0.0091"
"014970","20250317","DY","0.027"
"015230","20250317","DY","0.0336"
"015360","20250317","DY","0.1836"
"015710","20250317","DY","0.0174"
"015750","20250317","DY","0.0285"
"015860","20250317","DY","0.041"
"015890","20250317","DY","0.0566"
"016090","20250317","DY","0.0474"
"016250","20250317","DY","0.0541"
"016360","20250317","DY","0.0478"
"016380","20250317","DY","0.03"
"016450","20250317","DY","0.0608"
"016580","20250317","DY","0.0261"
"016590","20250317","DY","0.0228"
"016610","20250317","DY","0.034"
"016710","20250317","DY","0.0356"
"016740","20250317","DY","0.0375"
"016800","20250317","DY","0.0284"
"016920","20250317","DY","0.0047"
"017040","20250317","DY","0.0069"
"017370","20250317","DY","0.0081"
"017390","20250317","DY","0.0458"
"017480","20250317","DY","0.0684"
"017510","20250317","DY","0.0119"
"017550","20250317","DY","0.005"
"017650","20250317","DY","0.0153"
"017670","20250317","DY","0.0634"
"017800","20250317","DY","0.0713"
"017810","20250317","DY","0.0059"
"017890","20250317","DY","0.0318"
"017900","20250317","DY","0.028"
"017940","20250317","DY","0.0846"
"017960","20250317","DY","0.0071"
"018120","20250317","DY","0.0377"
"018250","20250317","DY","0.0403"
"018260","20250317","DY","0.022"
"018310","20250317","DY","0.0149"
"018500","20250317","DY","0.0274"
"018670","20250317","DY","0.0305"
"018880","20250317","DY","0.0785"
"019010","20250317","DY","0.0142"
"019180","20250317","DY","0.0196"
"019210","20250317","DY","0.0499"
"019440","20250317","DY","0.0747"
"019540","20250317","DY","0.026"
"019770","20250317","DY","0.0169"
"019990","20250317","DY","0.0088"
"020000","20250317","DY","0.0473"
"020150","20250317","DY","0.0077"
"020180","20250317","DY","0.027"
"020400","20250317","DY","0.0088"
"020710","20250317","DY","0.02"
"021080","20250317","DY","0.0574"
"021240","20250317","DY","0.0156"
"021320","20250317","DY","0.0327"
"021650","20250317","DY","0.0313"
"021820","20250317","DY","0.019"
"022100","20250317","DY","0.0037"
"023000","20250317","DY","0.0471"
"023150","20250317","DY","0.0497"
"023160","20250317","DY","0.007"
"023350","20250317","DY","0.0181"
"023410","20250317","DY","0.0508"
"023450","20250317","DY","0.0294"
"023530","20250317","DY","0.0573"
"023590","20250317","DY","0.0324"
"023600","20250317","DY","0.0376"
"023760","20250317","DY","0.0504"
"023800","20250317","DY","0.0337"
"023810","20250317","DY","0.0315"
"023900","20250317","DY","0.0111"
"023910","20250317","DY","0.0295"
"024060","20250317","DY","0.0044"
"024070","20250317","DY","0.0264"
"024090","20250317","DY","0.0132"
"024110","20250317","DY","0.0623"
"024120","20250317","DY","0.0474"
"024720","20250317","DY","0.0194"
"024830","20250317","DY","0.0121"
"024880","20250317","DY","0.0355"
"024900","20250317","DY","0.0175"
"024910","20250317","DY","0.0279"
"024940","20250317","DY","0.0047"
"025000","20250317","DY","0.0683"
"025530","20250317","DY","0.0723"
"025540","20250317","DY","0.0096"
"025820","20250317","DY","0.0104"
"025860","20250317","DY","0.0093"
"025880","20250317","DY","0.0251"
"025950","20250317","DY","0.0028"
"026040","20250317","DY","0.0515"
"026890","20250317","DY","0.0352"
"026940","20250317","DY","0.0301"
"026960","20250317","DY","0.0301"
"027360","20250317","DY","0.0232"
"027410","20250317","DY","0.0353"
"027710","20250317","DY","0.0198"
"028100","20250317","DY","0.0372"
"028260","20250317","DY","0.0206"
"028670","20250317","DY","0.0235"
"029460","20250317","DY","0.0135"
"029530","20250317","DY","0.0393"
"029780","20250317","DY","0.0577"
"029960","20250317","DY","0.0573"
"030000","20250317","DY","0.0623"
"030190","20250317","DY","0.0338"
"030200","20250317","DY","0.0394"
"030210","20250317","DY","0.0519"
"030520","20250317","DY","0.0202"
"030610","20250317","DY","0.038"
"030960","20250317","DY","0.005"
"031210","20250317","DY","0.0924"
"031330","20250317","DY","0.0699"
"031430","20250317","DY","0.0383"
"031440","20250317","DY","0.0238"
"031510","20250317","DY","0.0444"
"031980","20250317","DY","0.0144"
"032190","20250317","DY","0.023"
"032280","20250317","DY","0.0145"
"032300","20250317","DY","0.0033"
"032540","20250317","DY","0.0675"
"032560","20250317","DY","0.029"
"032620","20250317","DY","0.0176"
"032640","20250317","DY","0.0596"
"032750","20250317","DY","0.0168"
"032830","20250317","DY","0.0448"
"032850","20250317","DY","0.0128"
"032960","20250317","DY","0.0035"
"033100","20250317","DY","0.0129"
"033130","20250317","DY","0.0117"
"033160","20250317","DY","0.0121"
"033270","20250317","DY","0.0219"
"033290","20250317","DY","0.0753"
"033500","20250317","DY","0.0104"
"033530","20250317","DY","0.0346"
"033780","20250317","DY","0.054"
"033830","20250317","DY","0.0226"
"033920","20250317","DY","0.034"
"034120","20250317","DY","0.024"
"034230","20250317","DY","0.0095"
"034310","20250317","DY","0.0398"
"034590","20250317","DY","0.0507"
"034730","20250317","DY","0.0362"
"034810","20250317","DY","0.0346"
"034830","20250317","DY","0.0699"
"034950","20250317","DY","0.0573"
"035000","20250317","DY","0.0628"
"035080","20250317","DY","0.0144"
"035150","20250317","DY","0.02"
"035200","20250317","DY","0.0093"
"035250","20250317","DY","0.055"
"035420","20250317","DY","0.0057"
"035510","20250317","DY","0.0284"
"035600","20250317","DY","0.049"
"035720","20250317","DY","0.0014"
"035810","20250317","DY","0.041"
"035890","20250317","DY","0.0296"
"035900","20250317","DY","0.0082"
"036010","20250317","DY","0.0085"
"036120","20250317","DY","0.0234"
"036190","20250317","DY","0.051"
"036200","20250317","DY","0.0113"
"036220","20250317","DY","0.137"
"036480","20250317","DY","0.008"
"036530","20250317","DY","0.0249"
"036560","20250317","DY","0.05"
"036570","20250317","DY","0.019"
"036580","20250317","DY","0.023"
"036640","20250317","DY","0.0405"
"036670","20250317","DY","0.0391"
"036710","20250317","DY","0.0064"
"036800","20250317","DY","0.0415"
"036810","20250317","DY","0.0022"
"036830","20250317","DY","0.0062"
"036890","20250317","DY","0.0194"
"036930","20250317","DY","0.0013"
"037070","20250317","DY","0.0274"
"037230","20250317","DY","0.0239"
"037330","20250317","DY","0.0369"
"037350","20250317","DY","0.0245"
"037440","20250317","DY","0.0276"
"037460","20250317","DY","0.0479"
"037560","20250317","DY","0.0507"
"037710","20250317","DY","0.0748"
"037760","20250317","DY","0.0281"
"038010","20250317","DY","0.028"
"038070","20250317","DY","0.0142"
"038110","20250317","DY","0.0239"
"038290","20250317","DY","0.0188"
"038390","20250317","DY","0.0901"
"038500","20250317","DY","0.0321"
"038680","20250317","DY","0.0289"
"038950","20250317","DY","0.0155"
"039010","20250317","DY","0.0202"
"039020","20250317","DY","0.0138"
"039030","20250317","DY","0.0031"
"039130","20250317","DY","0.0904"
"039240","20250317","DY","0.0239"
"039290","20250317","DY","0.0077"
"039340","20250317","DY","0.0264"
"039420","20250317","DY","0.0317"
"039440","20250317","DY","0.0093"
"039490","20250317","DY","0.0247"
"039570","20250317","DY","0.0524"
"039830","20250317","DY","0.0216"
"040160","20250317","DY","0.0192"
"040420","20250317","DY","0.0945"
"041440","20250317","DY","0.0074"
"041460","20250317","DY","0.0211"
"041510","20250317","DY","0.0128"
"041520","20250317","DY","0.0473"
"041650","20250317","DY","0.0377"
"041830","20250317","DY","0.0153"
"041910","20250317","DY","0.0156"
"041920","20250317","DY","0.005"
"041930","20250317","DY","0.0279"
"042110","20250317","DY","0.021"
"042370","20250317","DY","0.0064"
"042500","20250317","DY","0.023"
"042670","20250317","DY","0.0113"
"042700","20250317","DY","0.0048"
"043150","20250317","DY","0.0048"
"043370","20250317","DY","0.0228"
"043650","20250317","DY","0.0232"
"044340","20250317","DY","0.05"
"044450","20250317","DY","0.0406"
"044820","20250317","DY","0.0358"
"044960","20250317","DY","0.0087"
"044990","20250317","DY","0.0123"
"045060","20250317","DY","0.0195"
"045100","20250317","DY","0.0355"
"045660","20250317","DY","0.006"
"046310","20250317","DY","0.0338"
"046440","20250317","DY","0.0523"
"046890","20250317","DY","0.0205"
"047050","20250317","DY","0.0183"
"047810","20250317","DY","0.0053"
"048430","20250317","DY","0.0199"
"048470","20250317","DY","0.0062"
"048530","20250317","DY","0.0247"
"048770","20250317","DY","0.0114"
"048830","20250317","DY","0.0285"
"048910","20250317","DY","0.0098"
"049070","20250317","DY","0.0131"
"049430","20250317","DY","0.0227"
"049480","20250317","DY","0.0106"
"049720","20250317","DY","0.0396"
"049770","20250317","DY","0.024"
"049800","20250317","DY","0.0248"
"049830","20250317","DY","0.0113"
"049950","20250317","DY","0.0044"
"049960","20250317","DY","0.0347"
"050860","20250317","DY","0.025"
"050890","20250317","DY","0.007"
"050960","20250317","DY","0.0073"
"051360","20250317","DY","0.009"
"051380","20250317","DY","0.0358"
"051390","20250317","DY","0.055"
"051490","20250317","DY","0.0171"
"051500","20250317","DY","0.0227"
"051600","20250317","DY","0.0496"
"051900","20250317","DY","0.0107"
"051910","20250317","DY","0.0149"
"052260","20250317","DY","0.0152"
"052330","20250317","DY","0.0216"
"052400","20250317","DY","0.0173"
"052460","20250317","DY","0.0342"
"052600","20250317","DY","0.0361"
"052690","20250317","DY","0.0083"
"053050","20250317","DY","0.0137"
"053080","20250317","DY","0.0222"
"053160","20250317","DY","0.0044"
"053210","20250317","DY","0.0781"
"053260","20250317","DY","0.0315"
"053270","20250317","DY","0.0224"
"053280","20250317","DY","0.0476"
"053300","20250317","DY","0.0156"
"053350","20250317","DY","0.0031"
"053450","20250317","DY","0.0154"
"053580","20250317","DY","0.0097"
"053610","20250317","DY","0.0163"
"053620","20250317","DY","0.0598"
"053690","20250317","DY","0.0235"
"053700","20250317","DY","0.0121"
"053800","20250317","DY","0.0165"
"054040","20250317","DY","0.0629"
"054050","20250317","DY","0.0266"
"054210","20250317","DY","0.0158"
"054450","20250317","DY","0.0132"
"054540","20250317","DY","0.02"
"054670","20250317","DY","0.0139"
"054800","20250317","DY","0.0277"
"054930","20250317","DY","0.0336"
"054950","20250317","DY","0.0172"
"055490","20250317","DY","0.0214"
"055550","20250317","DY","0.0451"
"056190","20250317","DY","0.0143"
"056360","20250317","DY","0.005"
"057030","20250317","DY","0.0399"
"057050","20250317","DY","0.0558"
"058400","20250317","DY","0.0256"
"058430","20250317","DY","0.0359"
"058470","20250317","DY","0.0136"
"058610","20250317","DY","0.0076"
"058630","20250317","DY","0.0306"
"058650","20250317","DY","0.0425"
"058730","20250317","DY","0.0333"
"058850","20250317","DY","0.037"
"058860","20250317","DY","0.0462"
"059210","20250317","DY","0.0046"
"060250","20250317","DY","0.025"
"060370","20250317","DY","0.0096"
"060380","20250317","DY","0.036"
"060480","20250317","DY","0.0292"
"060540","20250317","DY","0.033"
"060560","20250317","DY","0.0049"
"060720","20250317","DY","0.0421"
"060850","20250317","DY","0.015"
"060980","20250317","DY","0.0536"
"062040","20250317","DY","0.0028"
"063570","20250317","DY","0.0245"
"063760","20250317","DY","0.0248"
"064350","20250317","DY","0.0009"
"064400","20250317","DY","0.0297"
"064480","20250317","DY","0.0281"
"064760","20250317","DY","0.0131"
"064820","20250317","DY","0.0475"
"064850","20250317","DY","0.0259"
"064960","20250317","DY","0.0626"
"065350","20250317","DY","0.0018"
"065370","20250317","DY","0.0179"
"065510","20250317","DY","0.0246"
"065530","20250317","DY","0.0386"
"065680","20250317","DY","0.0054"
"065710","20250317","DY","0.0637"
"066130","20250317","DY","0.0166"
"066310","20250317","DY","0.0105"
"066570","20250317","DY","0.0097"
"066620","20250317","DY","0.0236"
"066670","20250317","DY","0.017"
"067010","20250317","DY","0.0347"
"067080","20250317","DY","0.0091"
"067160","20250317","DY","0.01"
"067170","20250317","DY","0.0336"
"067280","20250317","DY","0.0497"
"067310","20250317","DY","0.0042"
"067370","20250317","DY","0.0123"
"067570","20250317","DY","0.0696"
"067730","20250317","DY","0.0201"
"067830","20250317","DY","0.0135"
"067900","20250317","DY","0.008"
"067920","20250317","DY","0.0338"
"067990","20250317","DY","0.0837"
"068270","20250317","DY","0.0027"
"068290","20250317","DY","0.0132"
"068330","20250317","DY","0.0069"
"068790","20250317","DY","0.0138"
"068930","20250317","DY","0.0278"
"069080","20250317","DY","0.0238"
"069260","20250317","DY","0.0621"
"069510","20250317","DY","0.0436"
"069620","20250317","DY","0.005"
"069730","20250317","DY","0.0169"
"069960","20250317","DY","0.0215"
"071050","20250317","DY","0.0351"
"071090","20250317","DY","0.0023"
"071280","20250317","DY","0.003"
"071840","20250317","DY","0.0399"
"072020","20250317","DY","0.0147"
"072470","20250317","DY","0.0206"
"072710","20250317","DY","0.0382"
"072870","20250317","DY","0.0801"
"072950","20250317","DY","0.0156"
"073010","20250317","DY","0.0024"
"073110","20250317","DY","0.0333"
"073490","20250317","DY","0.0172"
"073560","20250317","DY","0.0187"
"074600","20250317","DY","0.0027"
"075130","20250317","DY","0.0391"
"075180","20250317","DY","0.0412"
"075580","20250317","DY","0.0254"
"075970","20250317","DY","0.0318"
"077500","20250317","DY","0.0277"
"078000","20250317","DY","0.0709"
"078020","20250317","DY","0.0398"
"078070","20250317","DY","0.0256"
"078140","20250317","DY","0.0032"
"078150","20250317","DY","0.0082"
"078340","20250317","DY","0.0588"
"078520","20250317","DY","0.2018"
"078890","20250317","DY","0.0099"
"078930","20250317","DY","0.0673"
"079000","20250317","DY","0.0376"
"079170","20250317","DY","0.0231"
"079370","20250317","DY","0.0064"
"079550","20250317","DY","0.0067"
"079900","20250317","DY","0.0187"
"079940","20250317","DY","0.0053"
"079960","20250317","DY","0.0197"
"080010","20250317","DY","0.1467"
"080160","20250317","DY","0.0262"
"080470","20250317","DY","0.0143"
"080520","20250317","DY","0.0327"
"081000","20250317","DY","0.0254"
"081150","20250317","DY","0.0064"
"081660","20250317","DY","0.0287"
"082640","20250317","DY","0.0789"
"082920","20250317","DY","0.0093"
"083310","20250317","DY","0.0196"
"083420","20250317","DY","0.0359"
"083450","20250317","DY","0.023"
"083500","20250317","DY","0.0076"
"083550","20250317","DY","0.0098"
"083930","20250317","DY","0.0121"
"084010","20250317","DY","0.031"
"084110","20250317","DY","0.0111"
"084370","20250317","DY","0.0047"
"084690","20250317","DY","0.0222"
"084870","20250317","DY","0.0866"
"085910","20250317","DY","0.0666"
"086280","20250317","DY","0.0518"
"086390","20250317","DY","0.0125"
"086450","20250317","DY","0.0119"
"086670","20250317","DY","0.027"
"086710","20250317","DY","0.0037"
"086790","20250317","DY","0.0557"
"086900","20250317","DY","0.0083"
"088130","20250317","DY","0.0493"
"088350","20250317","DY","0.0565"
"088790","20250317","DY","0.0273"
"088910","20250317","DY","0.015"
"089010","20250317","DY","0.0032"
"089030","20250317","DY","0.0034"
"089150","20250317","DY","0.0266"
"089470","20250317","DY","0.0384"
"089600","20250317","DY","0.0484"
"089850","20250317","DY","0.0443"
"089860","20250317","DY","0.0403"
"089980","20250317","DY","0.0127"
"090350","20250317","DY","0.0417"
"090410","20250317","DY","0.0199"
"090430","20250317","DY","0.0081"
"090460","20250317","DY","0.0167"
"090470","20250317","DY","0.0106"
"090850","20250317","DY","0.0174"
"091120","20250317","DY","0.006"
"091580","20250317","DY","0.0151"
"091590","20250317","DY","0.0131"
"091700","20250317","DY","0.0357"
"092070","20250317","DY","0.0174"
"092130","20250317","DY","0.0585"
"092220","20250317","DY","0.0249"
"092230","20250317","DY","0.0627"
"092300","20250317","DY","0.0338"
"092440","20250317","DY","0.0496"
"092460","20250317","DY","0.0326"
"092600","20250317","DY","0.2053"
"092730","20250317","DY","0.0591"
"092780","20250317","DY","0.0217"
"092790","20250317","DY","0.0413"
"092870","20250317","DY","0.0078"
"093050","20250317","DY","0.0455"
"093190","20250317","DY","0.0385"
"093320","20250317","DY","0.0079"
"093380","20250317","DY","0.0789"
"093520","20250317","DY","0.0141"
"093920","20250317","DY","0.0755"
"094170","20250317","DY","0.0031"
"094280","20250317","DY","0.0633"
"094480","20250317","DY","0.0056"
"094820","20250317","DY","0.0363"
"094940","20250317","DY","0.0043"
"094970","20250317","DY","0.0199"
"095340","20250317","DY","0.0032"
"095570","20250317","DY","0.0704"
"095610","20250317","DY","0.0209"
"095660","20250317","DY","0.0116"
"096240","20250317","DY","0.1311"
"096250","20250317","DY","0.0061"
"096530","20250317","DY","0.0333"
"096760","20250317","DY","0.0347"
"097520","20250317","DY","0.024"
"097950","20250317","DY","0.0218"
"098120","20250317","DY","0.008"
"098460","20250317","DY","0.0084"
"098660","20250317","DY","0.045"
"099190","20250317","DY","0.0064"
"099320","20250317","DY","0.0027"
"099390","20250317","DY","0.0112"
"099430","20250317","DY","0.0096"
"100030","20250317","DY","0.0455"
"100120","20250317","DY","0.0151"
"100250","20250317","DY","0.066"
"100660","20250317","DY","0.0097"
"100700","20250317","DY","0.0286"
"100840","20250317","DY","0.0274"
"101160","20250317","DY","0.0031"
"101170","20250317","DY","0.009"
"101330","20250317","DY","0.0224"
"101490","20250317","DY","0.0044"
"101530","20250317","DY","0.0323"
"101930","20250317","DY","0.0666"
"102120","20250317","DY","0.008"
"102260","20250317","DY","0.0524"
"102460","20250317","DY","0.0127"
"102710","20250317","DY","0.002"
"103140","20250317","DY","0.0185"
"103590","20250317","DY","0.0072"
"104460","20250317","DY","0.0134"
"104700","20250317","DY","0.0499"
"104830","20250317","DY","0.0069"
"105560","20250317","DY","0.0388"
"105630","20250317","DY","0.0412"
"105740","20250317","DY","0.0305"
"105840","20250317","DY","0.027"
"106190","20250317","DY","0.0064"
"107590","20250317","DY","0.0096"
"107600","20250317","DY","0.0118"
"108230","20250317","DY","0.0669"
"108320","20250317","DY","0.0311"
"108670","20250317","DY","0.056"
"109080","20250317","DY","0.0113"
"109860","20250317","DY","0.0485"
"110790","20250317","DY","0.0632"
"110990","20250317","DY","0.0122"
"111110","20250317","DY","0.038"
"111380","20250317","DY","0.0364"
"111710","20250317","DY","0.04"
"111770","20250317","DY","0.0262"
"112610","20250317","DY","0.0133"
"114090","20250317","DY","0.0328"
"114840","20250317","DY","0.0077"
"115310","20250317","DY","0.0251"
"115500","20250317","DY","0.0144"
"117580","20250317","DY","0.0318"
"119500","20250317","DY","0.0165"
"119610","20250317","DY","0.0241"
"119850","20250317","DY","0.0043"
"120030","20250317","DY","0.0051"
"120110","20250317","DY","0.0406"
"120240","20250317","DY","0.0347"
"121440","20250317","DY","0.0402"
"121600","20250317","DY","0.0036"
"122310","20250317","DY","0.0277"
"122450","20250317","DY","0.053"
"122870","20250317","DY","0.0048"
"122900","20250317","DY","0.0767"
"122990","20250317","DY","0.0381"
"123040","20250317","DY","0.0304"
"123410","20250317","DY","0.0239"
"123570","20250317","DY","0.0206"
"123700","20250317","DY","0.0589"
"123890","20250317","DY","0.0889"
"124560","20250317","DY","0.0231"
"126560","20250317","DY","0.0303"
"126600","20250317","DY","0.0251"
"126640","20250317","DY","0.0357"
"126700","20250317","DY","0.0284"
"126720","20250317","DY","0.039"
"127980","20250317","DY","0.066"
"128660","20250317","DY","0.0472"
"128940","20250317","DY","0.002"
"129260","20250317","DY","0.0397"
"130580","20250317","DY","0.0386"
"130660","20250317","DY","0.028"
"131030","20250317","DY","0.0148"
"131090","20250317","DY","0.0307"
"131220","20250317","DY","0.0137"
"131370","20250317","DY","0.0035"
"131970","20250317","DY","0.0053"
"134380","20250317","DY","0.0449"
"134790","20250317","DY","0.0201"
"136480","20250317","DY","0.0097"
"136490","20250317","DY","0.0173"
"136540","20250317","DY","0.0453"
"137950","20250317","DY","0.0371"
"138040","20250317","DY","0.0201"
"138070","20250317","DY","0.0209"
"138080","20250317","DY","0.0098"
"138490","20250317","DY","0.0258"
"138930","20250317","DY","0.0464"
"139130","20250317","DY","0.0602"
"139480","20250317","DY","0.0241"
"140070","20250317","DY","0.0114"
"140520","20250317","DY","0.0726"
"140860","20250317","DY","0.002"
"142210","20250317","DY","0.0163"
"143160","20250317","DY","0.0198"
"143240","20250317","DY","0.0315"
"144510","20250317","DY","0.0044"
"144960","20250317","DY","0.01"
"145720","20250317","DY","0.0063"
"145990","20250317","DY","0.0386"
"147830","20250317","DY","0.0335"
"148150","20250317","DY","0.0383"
"148250","20250317","DY","0.0037"
"149950","20250317","DY","0.0111"
"150900","20250317","DY","0.0216"
"151860","20250317","DY","0.0232"
"155650","20250317","DY","0.059"
"155660","20250317","DY","0.0155"
"158430","20250317","DY","0.0051"
"159580","20250317","DY","0.0086"
"160980","20250317","DY","0.0315"
"161000","20250317","DY","0.0348"
"161390","20250317","DY","0.0321"
"161580","20250317","DY","0.0562"
"161890","20250317","DY","0.009"
"162300","20250317","DY","0.0074"
"163560","20250317","DY","0.02"
"163730","20250317","DY","0.0135"
"166090","20250317","DY","0.0055"
"169330","20250317","DY","0.0356"
"170030","20250317","DY","0.0344"
"170790","20250317","DY","0.0386"
"170900","20250317","DY","0.0153"
"171120","20250317","DY","0.0426"
"172670","20250317","DY","0.0088"
"173130","20250317","DY","0.0119"
"175330","20250317","DY","0.0501"
"177830","20250317","DY","0.0236"
"179290","20250317","DY","0.0104"
"180640","20250317","DY","0.0036"
"181710","20250317","DY","0.0275"
"183190","20250317","DY","0.0248"
"183300","20250317","DY","0.0071"
"185750","20250317","DY","0.0136"
"187270","20250317","DY","0.0156"
"187870","20250317","DY","0.0091"
"189300","20250317","DY","0.0024"
"189690","20250317","DY","0.0235"
"189980","20250317","DY","0.0228"
"190650","20250317","DY","0.0843"
"192080","20250317","DY","0.0197"
"192250","20250317","DY","0.0186"
"192390","20250317","DY","0.0162"
"192400","20250317","DY","0.0494"
"192440","20250317","DY","0.0281"
"192650","20250317","DY","0.0282"
"192820","20250317","DY","0.0028"
"194370","20250317","DY","0.0526"
"194700","20250317","DY","0.0229"
"195870","20250317","DY","0.03"
"195940","20250317","DY","0.0097"
"199730","20250317","DY","0.1119"
"199820","20250317","DY","0.0197"
"200130","20250317","DY","0.0227"
"200670","20250317","DY","0.0129"
"200780","20250317","DY","0.0226"
"200880","20250317","DY","0.0157"
"203450","20250317","DY","0.0246"
"204020","20250317","DY","0.035"
"204320","20250317","DY","0.0149"
"204610","20250317","DY","0.0337"
"205100","20250317","DY","0.0139"
"206640","20250317","DY","0.0135"
"208140","20250317","DY","0.1183"
"210540","20250317","DY","0.0323"
"210980","20250317","DY","0.0942"
"211050","20250317","DY","0.0114"
"211270","20250317","DY","0.0053"
"212560","20250317","DY","0.017"
"213500","20250317","DY","0.0578"
"214150","20250317","DY","0.0033"
"214180","20250317","DY","0.0286"
"214320","20250317","DY","0.0633"
"214370","20250317","DY","0.0238"
"214390","20250317","DY","0.0085"
"214430","20250317","DY","0.0058"
"214450","20250317","DY","0.0029"
"215000","20250317","DY","0.0746"
"215100","20250317","DY","0.0034"
"215200","20250317","DY","0.0525"
"215360","20250317","DY","0.0167"
"216050","20250317","DY","0.0434"
"217500","20250317","DY","0.0171"
"218410","20250317","DY","0.0062"
"221800","20250317","DY","0.0092"
"221980","20250317","DY","0.046"
"222800","20250317","DY","0.0075"
"224110","20250317","DY","0.0097"
"225190","20250317","DY","0.028"
"225530","20250317","DY","0.0678"
"226320","20250317","DY","0.0132"
"227840","20250317","DY","0.0487"
"228850","20250317","DY","0.0156"
"229640","20250317","DY","0.0056"
"230240","20250317","DY","0.0102"
"230360","20250317","DY","0.0223"
"232680","20250317","DY","0.0031"
"234080","20250317","DY","0.043"
"234300","20250317","DY","0.0105"
"234340","20250317","DY","0.0251"
"234690","20250317","DY","0.0116"
"237690","20250317","DY","0.0066"
"237880","20250317","DY","0.0187"
"238490","20250317","DY","0.0137"
"241520","20250317","DY","0.0076"
"241560","20250317","DY","0.0317"
"241590","20250317","DY","0.0053"
"241790","20250317","DY","0.0338"
"243070","20250317","DY","0.0236"
"243840","20250317","DY","0.0178"
"244920","20250317","DY","0.0501"
"246250","20250317","DY","0.0304"
"246690","20250317","DY","0.0083"
"248170","20250317","DY","0.0076"
"250000","20250317","DY","0.0253"
"251630","20250317","DY","0.022"
"251970","20250317","DY","0.0081"
"252500","20250317","DY","0.0198"
"253590","20250317","DY","0.0027"
"256150","20250317","DY","0.0405"
"259630","20250317","DY","0.0125"
"260660","20250317","DY","0.0275"
"260930","20250317","DY","0.0227"
"260970","20250317","DY","0.0069"
"262260","20250317","DY","0.0389"
"262840","20250317","DY","0.0418"
"263020","20250317","DY","0.0156"
"263690","20250317","DY","0.0327"
"263770","20250317","DY","0.0473"
"263860","20250317","DY","0.0183"
"264450","20250317","DY","0.0705"
"264660","20250317","DY","0.0274"
"264850","20250317","DY","0.0101"
"264900","20250317","DY","0.0312"
"265520","20250317","DY","0.015"
"265560","20250317","DY","0.0108"
"265740","20250317","DY","0.0077"
"267250","20250317","DY","0.0487"
"267260","20250317","DY","0.0028"
"267270","20250317","DY","0.0096"
"267290","20250317","DY","0.0498"
"267790","20250317","DY","0.0104"
"267850","20250317","DY","0.0441"
"267980","20250317","DY","0.0346"
"268280","20250317","DY","0.0141"
"271560","20250317","DY","0.011"
"271830","20250317","DY","0.0192"
"271980","20250317","DY","0.0048"
"272210","20250317","DY","0.0072"
"272290","20250317","DY","0.01"
"272550","20250317","DY","0.0353"
"273640","20250317","DY","0.0164"
"277070","20250317","DY","0.0097"
"277410","20250317","DY","0.0397"
"280360","20250317","DY","0.0253"
"281820","20250317","DY","0.0047"
"282330","20250317","DY","0.0388"
"282720","20250317","DY","0.0348"
"282880","20250317","DY","0.0167"
"284740","20250317","DY","0.037"
"285130","20250317","DY","0.0153"
"285490","20250317","DY","0.0319"
"286940","20250317","DY","0.0514"
"288620","20250317","DY","0.0059"
"289080","20250317","DY","0.0148"
"290270","20250317","DY","0.0115"
"290650","20250317","DY","0.0047"
"290740","20250317","DY","0.0164"
"293480","20250317","DY","0.0484"
"293580","20250317","DY","0.0158"
"294570","20250317","DY","0.0051"
"294870","20250317","DY","0.0338"
"296640","20250317","DY","0.0096"
"297890","20250317","DY","0.0106"
"298020","20250317","DY","0.0429"
"298040","20250317","DY","0.0053"
"298050","20250317","DY","0.035"
"298540","20250317","DY","0.0437"
"300720","20250317","DY","0.0483"
"306040","20250317","DY","0.0558"
"306200","20250317","DY","0.0391"
"307280","20250317","DY","0.0181"
"307750","20250317","DY","0.003"
"307950","20250317","DY","0.0107"
"309960","20250317","DY","0.0547"
"310870","20250317","DY","0.0168"
"314140","20250317","DY","0.0091"
"316140","20250317","DY","0.0607"
"317400","20250317","DY","0.0466"
"317850","20250317","DY","0.0043"
"318000","20250317","DY","0.0204"
"318010","20250317","DY","0.0279"
"318410","20250317","DY","0.051"
"319400","20250317","DY","0.0085"
"319660","20250317","DY","0.0101"
"321260","20250317","DY","0.0089"
"322780","20250317","DY","0.0122"
"323410","20250317","DY","0.0064"
"330350","20250317","DY","0.016"
"330730","20250317","DY","0.076"
"331380","20250317","DY","0.0163"
"332370","20250317","DY","0.0255"
"333050","20250317","DY","0.0109"
"333620","20250317","DY","0.0048"
"335890","20250317","DY","0.0022"
"336370","20250317","DY","0.0108"
"336570","20250317","DY","0.0077"
"336680","20250317","DY","0.0027"
"337930","20250317","DY","0.0118"
"339770","20250317","DY","0.0505"
"339950","20250317","DY","0.0098"
"340570","20250317","DY","0.0072"
"344820","20250317","DY","0.0695"
"344860","20250317","DY","0.0182"
"347740","20250317","DY","0.0135"
"347890","20250317","DY","0.0401"
"348210","20250317","DY","0.0084"
"352090","20250317","DY","0.0902"
"352700","20250317","DY","0.0195"
"352820","20250317","DY","0.0029"
"353200","20250317","DY","0.0163"
"353810","20250317","DY","0.022"
"356860","20250317","DY","0.0099"
"356890","20250317","DY","0.0047"
"357230","20250317","DY","0.0389"
"357780","20250317","DY","0.0096"
"360070","20250317","DY","0.0131"
"361390","20250317","DY","0.0026"
"365330","20250317","DY","0.0078"
"366030","20250317","DY","0.027"
"368770","20250317","DY","0.0025"
"372170","20250317","DY","0.004"
"373170","20250317","DY","0.0256"
"375500","20250317","DY","0.0114"
"376290","20250317","DY","0.0049"
"377330","20250317","DY","0.0226"
"377740","20250317","DY","0.0409"
"378850","20250317","DY","0.0158"
"381970","20250317","DY","0.0585"
"382480","20250317","DY","0.016"
"382840","20250317","DY","0.0189"
"383220","20250317","DY","0.0252"
"383310","20250317","DY","0.0211"
"383800","20250317","DY","0.0406"
"393210","20250317","DY","0.0139"
"396470","20250317","DY","0.0053"
"403870","20250317","DY","0.0053"
"405100","20250317","DY","0.0356"
"405920","20250317","DY","0.0298"
"408920","20250317","DY","0.0232"
"416180","20250317","DY","0.0056"
"417200","20250317","DY","0.0017"
"417790","20250317","DY","0.0199"
"417970","20250317","DY","0.0034"
"419120","20250317","DY","0.0262"
"420770","20250317","DY","0.027"
"425040","20250317","DY","0.0875"
"443060","20250317","DY","0.0169"
"445180","20250317","DY","0.0076"
"448280","20250317","DY","0.0243"
"450140","20250317","DY","0.0149"
"452300","20250317","DY","0.0149"
"452400","20250317","DY","0.0446"
"453340","20250317","DY","0.0237"
"456040","20250317","DY","0.0336"
"457550","20250317","DY","0.0184"
"458650","20250317","DY","0.0054"
"460850","20250317","DY","0.0142"
"460860","20250317","DY","0.0728"
"479960","20250317","DY","0.0302"
"484870","20250317","DY","0.0438"
"489500","20250317","DY","0.0017"
